{"stats":{"minecraft:killed":{"minecraft:sheep":1},"minecraft:killed_by":{"minecraft:creeper":1,"minecraft:zombie":5,"minecraft:player":1},"minecraft:custom":{"minecraft:time_since_rest":467,"minecraft:sprint_one_cm":40840,"minecraft:play_time":27309,"minecraft:deaths":7,"minecraft:damage_taken":2141,"minecraft:walk_one_cm":24874,"minecraft:mob_kills":1,"minecraft:jump":273,"minecraft:damage_dealt":318,"minecraft:leave_game":5,"minecraft:time_since_death":441,"minecraft:total_world_time":27309,"minecraft:fall_one_cm":11426,"minecraft:fly_one_cm":60232},"minecraft:mined":{"minecraft:grass":13,"minecraft:dark_oak_leaves":3,"minecraft:birch_log":1,"minecraft:birch_leaves":2},"minecraft:picked_up":{"minecraft:birch_log":1,"minecraft:mutton":2,"minecraft:white_wool":1,"minecraft:egg":1}},"DataVersion":3465}