{"stats":{"minecraft:custom":{"minecraft:jump":61,"minecraft:time_since_rest":1958,"minecraft:leave_game":1,"minecraft:damage_dealt":81,"minecraft:crouch_one_cm":35,"minecraft:damage_taken":132,"minecraft:sprint_one_cm":4602,"minecraft:play_time":1958,"minecraft:time_since_death":1958,"minecraft:walk_one_cm":1941,"minecraft:sneak_time":8,"minecraft:total_world_time":1958,"minecraft:fall_one_cm":1436,"minecraft:fly_one_cm":9535,"minecraft:player_kills":1},"minecraft:crafted":{"minecraft:dark_oak_planks":4},"minecraft:mined":{"minecraft:dark_oak_log":1,"minecraft:dark_oak_leaves":2},"minecraft:picked_up":{"minecraft:dark_oak_sapling":1,"minecraft:dark_oak_log":1}},"DataVersion":3465}